real,user,sys,allocator
35.15,35.03,0.11,/usr/lib/x86_64-linux-gnu/libjemalloc.so
35.31,35.22,0.09,malloc
35.17,35.07,0.09,/usr/lib/libmesh.so
35.19,35.08,0.11,/usr/lib/x86_64-linux-gnu/libjemalloc.so
35.02,34.90,0.12,malloc
35.09,35.00,0.08,/usr/lib/libmesh.so
35.18,35.07,0.11,/usr/lib/x86_64-linux-gnu/libjemalloc.so
35.11,35.00,0.10,malloc
35.07,34.98,0.09,/usr/lib/libmesh.so
35.12,35.01,0.10,/usr/lib/x86_64-linux-gnu/libjemalloc.so
35.07,34.97,0.10,malloc
39.83,39.74,0.08,/usr/lib/libmesh.so
35.27,35.16,0.10,/usr/lib/x86_64-linux-gnu/libjemalloc.so
35.10,35.01,0.09,malloc
35.31,35.22,0.09,/usr/lib/libmesh.so
36.10,36.01,0.09,/usr/lib/x86_64-linux-gnu/libjemalloc.so
35.46,35.37,0.09,malloc
35.12,35.04,0.08,/usr/lib/libmesh.so
35.10,34.98,0.12,/usr/lib/x86_64-linux-gnu/libjemalloc.so
35.25,35.16,0.09,malloc
35.15,35.05,0.10,/usr/lib/libmesh.so
35.39,35.28,0.10,/usr/lib/x86_64-linux-gnu/libjemalloc.so
35.14,35.03,0.11,malloc
35.26,35.16,0.10,/usr/lib/libmesh.so
35.07,34.98,0.08,/usr/lib/x86_64-linux-gnu/libjemalloc.so
35.11,35.01,0.09,malloc
35.12,35.03,0.08,/usr/lib/libmesh.so
35.12,35.02,0.10,/usr/lib/x86_64-linux-gnu/libjemalloc.so
35.01,34.89,0.12,malloc
35.03,34.93,0.09,/usr/lib/libmesh.so
35.29,35.17,0.11,/usr/lib/x86_64-linux-gnu/libjemalloc.so
35.26,35.17,0.09,malloc
35.14,35.05,0.08,/usr/lib/libmesh.so
35.30,35.19,0.10,/usr/lib/x86_64-linux-gnu/libjemalloc.so
35.24,35.15,0.08,malloc
35.10,35.00,0.10,/usr/lib/libmesh.so
35.22,35.15,0.07,/usr/lib/x86_64-linux-gnu/libjemalloc.so
35.52,35.42,0.09,malloc
35.59,35.47,0.12,/usr/lib/libmesh.so
35.28,35.19,0.09,/usr/lib/x86_64-linux-gnu/libjemalloc.so
35.39,35.30,0.08,malloc
35.06,34.96,0.10,/usr/lib/libmesh.so
35.22,35.13,0.09,/usr/lib/x86_64-linux-gnu/libjemalloc.so
35.11,35.04,0.07,malloc
35.07,34.94,0.12,/usr/lib/libmesh.so
35.27,35.15,0.12,/usr/lib/x86_64-linux-gnu/libjemalloc.so
36.28,36.17,0.10,malloc
35.07,34.97,0.10,/usr/lib/libmesh.so
35.09,34.97,0.12,/usr/lib/x86_64-linux-gnu/libjemalloc.so
35.44,35.33,0.10,malloc
35.22,35.13,0.09,/usr/lib/libmesh.so
35.20,35.11,0.09,/usr/lib/x86_64-linux-gnu/libjemalloc.so
36.09,35.99,0.10,malloc
35.27,35.16,0.11,/usr/lib/libmesh.so
35.11,35.02,0.08,/usr/lib/x86_64-linux-gnu/libjemalloc.so
35.19,35.12,0.06,malloc
35.11,35.02,0.09,/usr/lib/libmesh.so
35.31,35.20,0.10,/usr/lib/x86_64-linux-gnu/libjemalloc.so
40.24,40.12,0.12,malloc
35.19,35.07,0.12,/usr/lib/libmesh.so
