real,user,sys,allocator
64.25,0.94,1.45,/usr/lib/x86_64-linux-gnu/libjemalloc.so
61.57,0.87,1.28,malloc
61.93,0.80,1.29,/usr/lib/libmesh.so
62.78,0.83,1.40,/usr/lib/x86_64-linux-gnu/libjemalloc.so
60.95,0.77,1.43,malloc
66.41,1.08,1.53,/usr/lib/libmesh.so
65.23,0.69,1.32,/usr/lib/x86_64-linux-gnu/libjemalloc.so
62.22,0.86,1.24,malloc
/usr/lib/libmesh.so
62.17,0.74,1.31,/usr/lib/x86_64-linux-gnu/libjemalloc.so
61.83,0.81,1.16,malloc
63.24,0.81,1.34,/usr/lib/libmesh.so
60.04,0.78,1.15,/usr/lib/x86_64-linux-gnu/libjemalloc.so
68.40,0.79,1.33,malloc
63.07,0.87,1.52,/usr/lib/libmesh.so
61.73,0.84,1.38,/usr/lib/x86_64-linux-gnu/libjemalloc.so
62.06,0.85,1.33,malloc
61.62,0.76,1.20,/usr/lib/libmesh.so
62.69,0.86,1.26,/usr/lib/x86_64-linux-gnu/libjemalloc.so
63.93,0.81,1.29,malloc
/usr/lib/libmesh.so
65.34,0.75,1.31,/usr/lib/x86_64-linux-gnu/libjemalloc.so
63.45,0.85,1.25,malloc
64.66,1.03,1.50,/usr/lib/libmesh.so
66.24,0.79,1.39,/usr/lib/x86_64-linux-gnu/libjemalloc.so
59.59,0.80,1.30,malloc
65.27,1.01,1.48,/usr/lib/libmesh.so
58.80,0.78,1.26,/usr/lib/x86_64-linux-gnu/libjemalloc.so
62.25,0.88,1.36,malloc
59.46,0.69,1.19,/usr/lib/libmesh.so
/usr/lib/x86_64-linux-gnu/libjemalloc.so
63.96,0.80,1.30,malloc
61.89,0.82,1.26,/usr/lib/libmesh.so
63.52,0.86,1.32,/usr/lib/x86_64-linux-gnu/libjemalloc.so
60.54,0.86,1.22,malloc
/usr/lib/libmesh.so
62.45,0.71,1.32,/usr/lib/x86_64-linux-gnu/libjemalloc.so
59.59,0.78,1.20,malloc
71.14,0.92,1.55,/usr/lib/libmesh.so
66.65,0.90,1.33,/usr/lib/x86_64-linux-gnu/libjemalloc.so
61.47,0.80,1.14,malloc
65.00,0.94,1.47,/usr/lib/libmesh.so
63.17,0.76,1.11,/usr/lib/x86_64-linux-gnu/libjemalloc.so
64.13,0.81,1.37,malloc
64.27,0.92,1.39,/usr/lib/libmesh.so
62.53,0.89,1.44,/usr/lib/x86_64-linux-gnu/libjemalloc.so
71.22,1.06,1.68,malloc
66.87,0.72,1.32,/usr/lib/libmesh.so
63.25,0.92,1.27,/usr/lib/x86_64-linux-gnu/libjemalloc.so
66.29,0.82,1.29,malloc
62.21,0.81,1.24,/usr/lib/libmesh.so
64.00,0.84,1.16,/usr/lib/x86_64-linux-gnu/libjemalloc.so
64.62,0.88,1.36,malloc
60.35,0.84,1.34,/usr/lib/libmesh.so
69.22,0.74,1.26,/usr/lib/x86_64-linux-gnu/libjemalloc.so
64.16,0.76,1.13,malloc
63.59,0.81,1.34,/usr/lib/libmesh.so
63.27,0.83,1.36,/usr/lib/x86_64-linux-gnu/libjemalloc.so
63.74,0.94,1.40,malloc
63.16,0.84,1.24,/usr/lib/libmesh.so
